deadline,time_left,deadline_status,purchaseTypeId,lotState,id,url
2026-09-04T12:45:00.311604+03:00,осталось 46 мин,urgent,1,2,ee646c51-52de-4b56-9e0e-bf3cb92c3af9,https://agregatoreat.ru/purchases/announcement/ee646c51-52de-4b56-9e0e-bf3cb92c3af9/info
2026-09-04T12:46:00.682671+03:00,осталось 47 мин,urgent,1,2,ac3adb3a-5beb-4b71-8876-3dd6f15307d5,https://agregatoreat.ru/purchases/announcement/ac3adb3a-5beb-4b71-8876-3dd6f15307d5/info
2026-09-04T12:51:00.241207+03:00,осталось 52 мин,urgent,1,2,3a984398-7a3d-4b01-82aa-d4f3de2deaba,https://agregatoreat.ru/purchases/announcement/3a984398-7a3d-4b01-82aa-d4f3de2deaba/info
2026-09-04T12:54:00.050430+03:00,осталось 55 мин,urgent,1,2,f3052fbe-2c50-439c-8992-e4ebb2ab1ac4,https://agregatoreat.ru/purchases/announcement/f3052fbe-2c50-439c-8992-e4ebb2ab1ac4/info
2026-09-04T12:58:00.881359+03:00,осталось 59 мин,urgent,1,2,818c7e5d-86d1-4543-bcad-dcd2539518de,https://agregatoreat.ru/purchases/announcement/818c7e5d-86d1-4543-bcad-dcd2539518de/info
2026-09-04T13:00:00.783238+03:00,осталось 1 ч 1 мин,urgent,1,2,a8162db3-20ed-4b86-997f-602b6eee0b4d,https://agregatoreat.ru/purchases/announcement/a8162db3-20ed-4b86-997f-602b6eee0b4d/info
2026-09-04T13:03:00.908534+03:00,осталось 1 ч 4 мин,urgent,1,2,eff62fd1-464e-404c-9690-3a1ae77a5287,https://agregatoreat.ru/purchases/announcement/eff62fd1-464e-404c-9690-3a1ae77a5287/info
2026-09-04T13:05:00.508856+03:00,осталось 1 ч 6 мин,urgent,2,2,65f10179-4941-4f90-92cf-0d32e219481f,https://agregatoreat.ru/purchases/announcement/65f10179-4941-4f90-92cf-0d32e219481f/info
2026-09-04T13:06:00.857376+03:00,осталось 1 ч 7 мин,urgent,2,2,475ddbc9-e8d0-4f89-90cb-640635047b4e,https://agregatoreat.ru/purchases/announcement/475ddbc9-e8d0-4f89-90cb-640635047b4e/info
2026-09-04T13:10:00.416254+03:00,осталось 1 ч 11 мин,urgent,1,2,295d444b-37ee-4a8c-af59-61591322042c,https://agregatoreat.ru/purchases/announcement/295d444b-37ee-4a8c-af59-61591322042c/info
2026-09-04T13:11:00.484808+03:00,осталось 1 ч 12 мин,urgent,2,2,6d4b54a1-58d0-49dc-a0a3-37a1bd227e1f,https://agregatoreat.ru/purchases/announcement/6d4b54a1-58d0-49dc-a0a3-37a1bd227e1f/info
2026-09-04T13:18:00.562450+03:00,осталось 1 ч 19 мин,urgent,2,2,5d1368d6-faa4-4551-b245-9b9d2057bb87,https://agregatoreat.ru/purchases/announcement/5d1368d6-faa4-4551-b245-9b9d2057bb87/info
2026-09-04T13:20:00.187179+03:00,осталось 1 ч 21 мин,urgent,2,2,cb4ded9e-ae17-4efd-8626-26e5be307817,https://agregatoreat.ru/purchases/announcement/cb4ded9e-ae17-4efd-8626-26e5be307817/info
2026-09-04T13:21:00.655639+03:00,осталось 1 ч 22 мин,urgent,1,2,348af615-e77f-4ff4-be9c-4dc6fd48ae95,https://agregatoreat.ru/purchases/announcement/348af615-e77f-4ff4-be9c-4dc6fd48ae95/info
2026-09-04T13:24:00.387441+03:00,осталось 1 ч 25 мин,urgent,1,2,f05a7185-fcc0-4e7c-90b4-1ddcd02ba060,https://agregatoreat.ru/purchases/announcement/f05a7185-fcc0-4e7c-90b4-1ddcd02ba060/info
2026-09-04T13:33:00.334285+03:00,осталось 1 ч 34 мин,urgent,1,2,aef8791a-2517-4aac-a0d6-d88f60823841,https://agregatoreat.ru/purchases/announcement/aef8791a-2517-4aac-a0d6-d88f60823841/info
2026-09-04T13:41:00.173317+03:00,осталось 1 ч 42 мин,urgent,1,2,91918f58-8f16-483a-8455-89b2bca4a58a,https://agregatoreat.ru/purchases/announcement/91918f58-8f16-483a-8455-89b2bca4a58a/info
2026-09-04T13:42:00.559642+03:00,осталось 1 ч 43 мин,urgent,1,2,7dcf5845-9e64-468d-adfb-772868f44fed,https://agregatoreat.ru/purchases/announcement/7dcf5845-9e64-468d-adfb-772868f44fed/info
2026-09-07T10:43:00.053841+03:00,осталось 2 д 22 ч 44 мин,normal,1,2,2e489ddb-4185-45c5-9fc4-c2e207dffb89,https://agregatoreat.ru/purchases/announcement/2e489ddb-4185-45c5-9fc4-c2e207dffb89/info
2026-09-07T10:44:00.002117+03:00,осталось 2 д 22 ч 45 мин,normal,1,2,e2f48d44-7ca6-4912-a4d8-508be688e1f0,https://agregatoreat.ru/purchases/announcement/e2f48d44-7ca6-4912-a4d8-508be688e1f0/info
2026-09-07T10:45:00.258775+03:00,осталось 2 д 22 ч 46 мин,normal,1,2,c46b50a6-fd72-4f9b-8640-76b4659a2b8e,https://agregatoreat.ru/purchases/announcement/c46b50a6-fd72-4f9b-8640-76b4659a2b8e/info
2026-09-07T10:51:00.679565+03:00,осталось 2 д 22 ч 52 мин,normal,1,2,c7a2133a-3807-4524-a3d5-6772d91ca82b,https://agregatoreat.ru/purchases/announcement/c7a2133a-3807-4524-a3d5-6772d91ca82b/info
2026-09-07T10:52:00.880914+03:00,осталось 2 д 22 ч 53 мин,normal,1,2,39a6b3e3-f086-4ef1-8626-2d720728dd8c,https://agregatoreat.ru/purchases/announcement/39a6b3e3-f086-4ef1-8626-2d720728dd8c/info
2026-09-07T10:53:00.174623+03:00,осталось 2 д 22 ч 54 мин,normal,2,2,2d94a208-fc1e-466f-b7a7-e91b63837068,https://agregatoreat.ru/purchases/announcement/2d94a208-fc1e-466f-b7a7-e91b63837068/info
2026-09-07T10:56:00.133660+03:00,осталось 2 д 22 ч 57 мин,normal,1,2,174da579-6942-4474-a03e-c7c31d73894f,https://agregatoreat.ru/purchases/announcement/174da579-6942-4474-a03e-c7c31d73894f/info
2026-09-07T10:58:00.931114+03:00,осталось 2 д 22 ч 59 мин,normal,1,2,d1513237-40ec-4927-a0d9-d01021080d1a,https://agregatoreat.ru/purchases/announcement/d1513237-40ec-4927-a0d9-d01021080d1a/info
2026-09-07T10:59:00.090722+03:00,осталось 2 д 23 ч 0 мин,normal,6,2,7d3930a0-8c86-45a1-93ad-84804537f9e7,https://agregatoreat.ru/purchases/announcement/7d3930a0-8c86-45a1-93ad-84804537f9e7/info
2026-09-07T11:03:00.000003+03:00,осталось 2 д 23 ч 4 мин,normal,1,2,939d7ba0-91b7-493d-b84a-50d6f7f397ca,https://agregatoreat.ru/purchases/announcement/939d7ba0-91b7-493d-b84a-50d6f7f397ca/info
2026-09-07T11:03:00.743370+03:00,осталось 2 д 23 ч 4 мин,normal,1,2,b168f73e-00e7-4b3e-bcb3-3fa113c80c34,https://agregatoreat.ru/purchases/announcement/b168f73e-00e7-4b3e-bcb3-3fa113c80c34/info
2026-09-07T11:07:00.696506+03:00,осталось 2 д 23 ч 8 мин,normal,2,2,9e6d4717-1a6a-4441-87fd-e0ed1bc08cf9,https://agregatoreat.ru/purchases/announcement/9e6d4717-1a6a-4441-87fd-e0ed1bc08cf9/info
2026-09-07T11:12:00.375061+03:00,осталось 2 д 23 ч 13 мин,normal,1,2,53050991-1650-455d-93db-a5827a9ea4e6,https://agregatoreat.ru/purchases/announcement/53050991-1650-455d-93db-a5827a9ea4e6/info
2026-09-07T11:12:00.745956+03:00,осталось 2 д 23 ч 13 мин,normal,1,2,22f417bc-12bc-4390-96bb-3df43a796006,https://agregatoreat.ru/purchases/announcement/22f417bc-12bc-4390-96bb-3df43a796006/info
2026-09-07T11:12:00.759627+03:00,осталось 2 д 23 ч 13 мин,normal,1,2,4ab7af97-c1cd-4724-a7aa-10012f88510f,https://agregatoreat.ru/purchases/announcement/4ab7af97-c1cd-4724-a7aa-10012f88510f/info
2026-09-07T11:13:00.700991+03:00,осталось 2 д 23 ч 14 мин,normal,1,2,eb779ca6-21ac-4881-8709-a757b387ba7b,https://agregatoreat.ru/purchases/announcement/eb779ca6-21ac-4881-8709-a757b387ba7b/info
2026-09-07T11:17:00.228868+03:00,осталось 2 д 23 ч 18 мин,normal,1,2,fb287372-5fa0-488b-998a-fc11c186ef24,https://agregatoreat.ru/purchases/announcement/fb287372-5fa0-488b-998a-fc11c186ef24/info
2026-09-07T11:23:00.332651+03:00,осталось 2 д 23 ч 24 мин,normal,2,2,7d096297-15a5-425d-bbd3-3938d77c9b7f,https://agregatoreat.ru/purchases/announcement/7d096297-15a5-425d-bbd3-3938d77c9b7f/info
2026-09-07T11:23:00.748430+03:00,осталось 2 д 23 ч 24 мин,normal,1,2,514e2d2a-d9a1-42fe-90ed-614e2a73ca29,https://agregatoreat.ru/purchases/announcement/514e2d2a-d9a1-42fe-90ed-614e2a73ca29/info
2026-09-07T11:24:00.856203+03:00,осталось 2 д 23 ч 25 мин,normal,2,2,c9ebfbf5-b077-4371-ac68-2742a33fb72f,https://agregatoreat.ru/purchases/announcement/c9ebfbf5-b077-4371-ac68-2742a33fb72f/info
2026-09-07T11:32:00.740469+03:00,осталось 2 д 23 ч 33 мин,normal,1,2,85e6ad39-0de6-4768-a0d9-fcd3c18e7131,https://agregatoreat.ru/purchases/announcement/85e6ad39-0de6-4768-a0d9-fcd3c18e7131/info
2026-09-07T11:34:00.190186+03:00,осталось 2 д 23 ч 35 мин,normal,1,2,d18d5104-9ac3-4df2-afcc-1c77634c4403,https://agregatoreat.ru/purchases/announcement/d18d5104-9ac3-4df2-afcc-1c77634c4403/info
2026-09-07T11:38:00.124722+03:00,осталось 2 д 23 ч 39 мин,normal,1,2,6462e00b-5995-4fcc-b810-e378ad140c21,https://agregatoreat.ru/purchases/announcement/6462e00b-5995-4fcc-b810-e378ad140c21/info
2026-09-07T11:41:00.007663+03:00,осталось 2 д 23 ч 42 мин,normal,1,2,21fb6572-6332-4380-aa90-fc9cbcd8f6e2,https://agregatoreat.ru/purchases/announcement/21fb6572-6332-4380-aa90-fc9cbcd8f6e2/info
2026-09-07T11:41:00.754425+03:00,осталось 2 д 23 ч 42 мин,normal,2,2,77bd5c4e-bfb3-461a-8fd1-72180f66e539,https://agregatoreat.ru/purchases/announcement/77bd5c4e-bfb3-461a-8fd1-72180f66e539/info
2026-09-07T11:46:00.895376+03:00,осталось 2 д 23 ч 47 мин,normal,1,2,d16150d5-7db4-4447-947f-14503c2ad7b4,https://agregatoreat.ru/purchases/announcement/d16150d5-7db4-4447-947f-14503c2ad7b4/info
